{
    "SpawnerDebug": 0,
    "DeleteLogs": 0,
    "SS_SFX": 1,
    "SS_SFX_Cassette_Insert": 1,
    "SS_SFX_Cassette_Eject": 1,
    "SS_SFX_Cassette_Motor": 1,
    "SS_SFX_CD_Read": 1,
    "SS_SFX_USB_Read": 1,
    "SS_Volume_Vehicle": 1.0,
    "SS_Volume_MediaStation": 0.800000011920929,
    "SS_Volume_Laptop": 0.6000000238418579,
    "SS_Volume_Radio": 0.4000000059604645,
    "SS_Volume_Walkman": 0.20000000298023225,
    "SS_Volume_Walkman_EarPhones": 0.5,
    "SS_Volume_Discman": 0.20000000298023225,
    "SS_Volume_Discman_EarPhones": 0.5,
    "SS_Erase_Cassettes": 1,
    "FoXyRadioObjectLocations": [
        {
            "name": "FoXy",
            "objects": [
                "FoXy"
            ],
            "number": 1,
            "pos": [
                "8133.75 311.689 14528.8|90.0 0.0 0.0"
            ]
        },
        {
            "name": "MediaStations",
            "objects": [
                "FoXyRadio_MediaStation_Static"
            ],
            "number": 1,
            "pos": [
                "2496.18 194.205 5112.19|0.0 0.0 0.0",
                "4631.95 359.775 10430.7|-60.0 0.0 0.0",
                "1686.06 449.087 14207.7|20.0 0.0 0.0",
                "11834.6 141.252 12459.2|0.0 0.0 0.0"
            ]
        },
        {
            "name": "Radios",
            "objects": [
                "FoXyRadio_Static",
                "FoXyRadio_Static_Simple"
            ],
            "number": 3,
            "pos": [
                "2778.1 29.9446 1230.9|75.0 0.0 0.0",
                "2497.3 194.101 5116.54|160.0 0.0 0.0",
                "5967.22 308.663 7749.17|-75.0 0.0 0.0",
                "3724.04 312.862 8920.38|70.0 0.0 0.0",
                "4516.84 339.977 8645.06|20.0 0.0 0.0",
                "3424.13 194.571 13021.9|-90.0 0.0 0.0",
                "1831.51 435.59 13797.1|150.0 0.0 0.0",
                "4924.59 10.8792 2473.22|40.0 0.0 0.0",
                "7995.95 726.236 12629.4|125.0 0.0 0.0",
                "9531.37 304.58 8801.99|-125.0 0.0 0.0",
                "10455.5 14.6292 2275.65|60.0 0.0 0.0",
                "11572.6 90.1913 14741.1|-75.0 0.0 0.0",
                "13848.8 29.1997 13219.7|120.0 0.0 0.0",
                "11247.6 196.641 12282.4|145.0 0.0 0.0",
                "12929.9 7.84366 10181.3|-20.0 0.0 0.0",
                "13470.9 79.2438 3271.29|180.0 0.0 0.0"
            ]
        }
    ]
}